10000000,5.52318522758982e-06,5.58661132509287e-06,5.81162793564461e-06,6.79784807540405e-06
10115794.542599,5.67268946765116e-06,5.73930127338054e-06,5.97613367917877e-06,7.01667442522004e-06
10232929.9228075,5.82732973679042e-06,5.89729892143279e-06,6.14662272140402e-06,7.24478087856797e-06
10351421.6667934,5.98730022230199e-06,6.06080818894258e-06,6.32334027590187e-06,7.48262963147859e-06
10471285.480509,6.15280283998007e-06,6.23004120736832e-06,6.50654252246894e-06,7.73070904358899e-06
10592537.2517729,6.32404735546558e-06,6.4052186561321e-06,6.69649692136045e-06,7.98953529632975e-06
10715193.0523761,6.50125190026019e-06,6.58657011265219e-06,6.89348297828017e-06,8.25965416732414e-06
10839269.140212,6.6846431157812e-06,6.77433441647142e-06,7.09779261037244e-06,8.54164292944922e-06
10964781.9614319,6.87445659316698e-06,6.96876004818657e-06,7.30973085603611e-06,8.83611238420604e-06
11091748.152624,7.0709373077242e-06,7.1701055237957e-06,7.52961659653822e-06,9.1437090396671e-06
11220184.5430196,7.27433975357983e-06,7.37863980492605e-06,7.75778295800107e-06,9.46511744388985e-06
11350108.1567232,7.48492855870987e-06,7.59464272570877e-06,7.99457827128184e-06,9.80106268583392e-06
11481536.2149688,7.70297873158533e-06,7.81840543696742e-06,8.24036663788425e-06,1.01523130767104e-05
11614486.1384034,7.92877616954425e-06,8.05023086827828e-06,8.49552881223474e-06,1.05196830254209e-05
11748975.5493953,8.16261799021987e-06,8.29043420876261e-06,8.76046290655838e-06,1.09040361232519e-05
11885022.2743702,8.40481305555623e-06,8.5393434072751e-06,9.03558533886929e-06,1.13062884538383e-05
12022644.3461741,8.65568244937254e-06,8.79729969277486e-06,9.32133175547471e-06,1.17274121457454e-05
12161860.0064637,8.9155598248305e-06,9.06465811571784e-06,9.61815783191542e-06,1.21684391864117e-05
12302687.7081238,9.18479202956786e-06,9.34178811121143e-06,9.92654042247662e-06,1.26304655173864e-05
12445146.1177139,9.46373959067769e-06,9.6290740849712e-06,1.02469785822272e-05,1.31146554326401e-05
12589254.1179417,9.75277727551462e-06,9.9269160228209e-06,1.05799947115247e-05,1.36222463028798e-05
12735030.8101666,1.00522944552184e-05,1.02357301247833e-05,1.09261355076333e-05,1.41545536507597e-05
12882495.5169314,1.03626960710415e-05,1.0555949464687e-05,1.12859736594244e-05,1.47129766033967e-05
13031667.784523,1.0684402795653e-05,1.08880246763551e-05,1.16601086462119e-05,1.52990037505307e-05
13182567.3855641,1.1017852047509e-05,1.12324246675378e-05,1.20491685808308e-05,1.59142194385189e-05
13335214.3216333,1.13634983665145e-05,1.15896373623185e-05,1.24538113541703e-05,1.65603105316078e-05
13489628.8259166,1.17218141412771e-05,1.1960170473641e-05,1.28747262451071e-05,1.72390736749046e-05
13645831.3658893,1.20932903900795e-05,1.23445523070512e-05,1.33126356537855e-05,1.79524230945187e-05
13803842.6460289,1.24784375360467e-05,1.27433325964235e-05,1.37682968922948e-05,1.87023989714846e-05
13963683.6105594,1.28777859157949e-05,1.31570833737008e-05,1.42425037212714e-05,1.94911764293815e-05
14125375.4462276,1.32918868948956e-05,1.3586399873435e-05,1.47360886873475e-05,2.03210751750673e-05
14288939.5851111,1.37213132893016e-05,1.40319014739933e-05,1.52499247015988e-05,2.11945698344549e-05
14454397.7074593,1.41666606503252e-05,1.4494232676407e-05,1.57849277466858e-05,2.21143010244504e-05
14621771.7445672,1.46285478463139e-05,1.49740641228577e-05,1.63420588220143e-05,2.3083087203506e-05
14791083.8816821,1.51076180135084e-05,1.54720936559838e-05,1.69223264320285e-05,2.41039373412087e-05
14962356.5609444,1.56045396973997e-05,1.59890474212689e-05,1.75267894167323e-05,2.51800644468836e-05
15135612.4843621,1.61200076016074e-05,1.65256810132939e-05,1.81565594104331e-05,2.63148999916708e-05
15310874.6168203,1.66547436566978e-05,1.70827806684901e-05,1.88128038145468e-05,2.75121092562546e-05
15488166.1891249,1.72094983928524e-05,1.76611645060005e-05,1.94967492867471e-05,2.87756076278008e-05
15667510.7010815,1.77850515440926e-05,1.82616838182731e-05,2.02096844056606e-05,3.01095778594553e-05
15848931.9246112,1.83822137402214e-05,1.88852244136846e-05,2.09529638581683e-05,3.15184882937825e-05
16032453.9069005,1.90018273234063e-05,1.9532708013256e-05,2.17280116870086e-05,3.3007112033224e-05
16218100.9735893,1.96447677854489e-05,2.02050937034221e-05,2.25363255025589e-05,3.45805470181029e-05
16405897.7319954,2.03119450816642e-05,2.09033794472024e-05,2.33794807338258e-05,3.6244236943699e-05
16595869.0743757,2.10043048314263e-05,2.16286036560291e-05,2.42591349385063e-05,3.80039929109352e-05
16788040.1812257,2.17228300685614e-05,2.23818468245978e-05,2.51770330557411e-05,3.98660156587839e-05
16982436.5246175,2.24685423685398e-05,2.31642332310448e-05,2.6135012089919e-05,4.18369181679279e-05
17179083.8715759,2.32425035258054e-05,2.39769327050643e-05,2.71350067757273e-05,4.39237483536577e-05
17378008.2874938,2.4045817429592e-05,2.48211624667629e-05,2.81790558030697e-05,4.61340114771236e-05
17579236.139587,2.48796311226738e-05,2.56981890381741e-05,2.92693072558152e-05,4.84756917934724e-05
17782794.1003893,2.57451371972122e-05,2.66093302309822e-05,3.04080261798266e-05,5.09572728249608e-05
17988709.1512879,2.6643575364906e-05,2.75559572126543e-05,3.15976014135668e-05,5.35877554838667e-05
18197008.5860999,2.75762342361808e-05,2.85394966538759e-05,3.28405530881383e-05,5.63766730773706e-05
18407720.0146896,2.85444535105438e-05,2.95614329600783e-05,3.41395411233393e-05,5.93341019940735e-05
18620871.3666287,2.95496258591905e-05,3.0623310590287e-05,3.54973737664806e-05,6.24706665975344e-05
18836490.8948981,3.05931994060947e-05,3.17267364653103e-05,3.69170174764885e-05,6.57975365257019e-05
19054607.1796325,3.16766799907193e-05,3.28733824697845e-05,3.84016070651293e-05,6.93264142207005e-05
19275249.1319094,3.28016326655823e-05,3.40649880482735e-05,3.99544553253075e-05,7.30695100685961e-05
19498445.9975805,3.39696856554805e-05,3.53033629016003e-05,4.15790668484453e-05,7.70395020417342e-05
19724227.3611486,3.5182531942939e-05,3.65903897830615e-05,4.32791491561081e-05,8.12494761633456e-05
19952623.1496889,3.64419319530021e-05,3.79280273996884e-05,4.50586261637201e-05,8.57128435101944e-05
20183663.6368157,3.75781581514815e-05,3.91396258638077e-05,4.67084116394294e-05,9.00321969384344e-05
20417379.4466954,3.8707367881437e-05,4.03459920672038e-05,4.83722282628294e-05,9.44769694866628e-05
20653801.5581054,3.98738692267531e-05,4.15933431555258e-05,5.0106628502948e-05,9.91575514050682e-05
20892961.3085405,4.10789212841871e-05,4.28830943467109e-05,5.19150712186511e-05,0.00010408238247869
21134890.3983666,4.23238275587384e-05,4.42167090885732e-05,5.38012151554356e-05,0.000109259038329678
21379620.8950224,4.36099373041276e-05,4.55957005883771e-05,5.57689319329727e-05,0.000114693913116085
21627185.2372703,4.49386469330734e-05,4.70216333741881e-05,5.78223200399507e-05,0.000120391846245834
21877616.2394956,4.63114033007794e-05,4.8496124884118e-05,5.99657228591333e-05,0.000126355688966118
22130947.0960565,4.77297040099748e-05,5.00208470822772e-05,6.22037430475777e-05,0.000132585808276041
22387211.3856835,4.91951010132204e-05,5.15975280975189e-05,6.45412634486333e-05,0.000139079528039378
22646443.0759307,5.07092017080821e-05,5.32279538814969e-05,6.69834652716259e-05,0.000145830510690188
22908676.5276778,5.2273671657864e-05,5.4913969881384e-05,6.95358503773669e-05,0.000152828087689242
23173946.4996849,5.3890237448498e-05,5.66574827219184e-05,7.22042654455776e-05,0.000160056553069389
23442288.1531993,5.55606883803431e-05,5.8460461891585e-05,7.49949258887952e-05,0.000167494442050975
23713737.0566167,5.72868800481536e-05,6.03249414240272e-05,7.79144449338105e-05,0.000175113825696703
23988329.190195,5.90707364296578e-05,6.22530215688922e-05,8.09698622169852e-05,0.000182879662588067
24266100.9508243,6.09142531380831e-05,6.42468704403489e-05,8.41686767078893e-05,0.000190749258833823
24547089.1568504,6.28195011830855e-05,6.63087256348416e-05,8.75188831470619e-05,0.000198671897359108
24831331.0529558,6.47886289041442e-05,6.84408958035456e-05,9.10290078720455e-05,0.00020658870482602
25118864.3150959,6.68238670977776e-05,7.06457621682216e-05,9.47081536234294e-05,0.000214432827914858
25409727.0554932,6.89275310633909e-05,7.29257799628167e-05,9.85660419132518e-05,0.000222129987872816
25703957.8276888,7.11020256149647e-05,7.52834797836702e-05,0.000102613064692385,0.000229599471245895
26001595.6316529,7.33498493434974e-05,7.77214688292322e-05,0.000106860338742761,0.000236755593949136
26302679.918954,7.5673597168039e-05,8.02424320055573e-05,0.000111319760978844,0.000243509644775462
26607250.5979883,7.80759671869084e-05,8.28491328743791e-05,0.000116004077343541,0.000249772274118558
26915348.0392693,8.05597638251591e-05,8.5544414413014e-05,0.000120926949582959,0.000255456247069342
27227013.0807793,8.3127903978197e-05,8.83311995587537e-05,0.000126103034127526,0.000260479432168245
27542287.0333818,8.57834220818379e-05,9.12124914984437e-05,0.000131548065311115,0.000264767854580815
27861211.6862979,8.85294744432896e-05,9.41913736688487e-05,0.000137278943942244,0.000268258612692699
28183829.3126447,9.13693476449895e-05,9.72710094231026e-05,0.00014331384291389,0.000270902446606543
28510182.6750393,9.43064629106218e-05,0.000100454641314547,0.000149672312425615,0.000272665760124493
28840315.0312662,9.73443842681631e-05,0.000103745589949765,0.000156375403420248,0.000273531935176315
29174270.1400119,0.000100486823727623,0.000107147252349442,0.000163445794351835,0.000273501835698802
29512092.266664,0.000103737652310502,0.000110663099756068,0.000170907943819694,0.000272593469361441
29853826.1891798,0.000107100903277939,0.000114296674820061,0.000178788236271716,0.000270840850235599
30199517.2040204,0.000110580784847503,0.00011805158808601,0.000187115165374865,0.000268292173070155
30549211.1321553,0.000114181686928999,0.000121931513700904,0.000195919517255485,0.00026500746140508
30902954.3251361,0.000117908191366193,0.000125940184250577,0.000205234579108289,0.00026105588160363
31260793.6712398,0.000121765080496519,0.000130081384631291,0.000215096360724664,0.000256512921457987
31622776.601684,0.000125757352114328,0.000134358944850299,0.000225543853781435,0.000251457617480665
31988951.0969142,0.000129890225326063,0.000138776731641659,0.000236619285150337,0.000245969984420928
32359365.692963,0.000134169156738432,0.000143338638778442,0.000248368422533179,0.000240128760451317
32734069.487884,0.000138599851287948,0.000148048575952977,0.000260840887605276,0.000234009538380508
33113112.1482593,0.000143188277579827,0.000152910456084987,0.000274090507817706,0.000227683312664501
33496543.915783,0.000147940680371756,0.00015792818091719,0.000288175684195415,0.000221215437762325
33884415.6139205,0.000152863597503347,0.000163105624742174,0.000303159799696576,0.000214664967486938
34276778.6546453,0.000157963877640815,0.000168446616106459,0.000319111657047677,0.000208084327931856
34673685.0452534,0.000163248694705505,0.000173954917321485,0.000336105928612278,0.000201519267508963
35075187.3952571,0.000168725567813535,0.000179634201617703,0.000354223648165058,0.000195009025241764
35481338.9233578,0.00017440238406636,0.000185488027768626,0.00037355273351485,0.000188586660936114
35892193.4645008,0.00018028741541872,0.000191519812009409,0.000394188496541609,0.000182279496551048
36307805.4770104,0.000186389345475029,0.00019773279708798,0.000416234196523806,0.000176109625554713
36728230.0498087,0.00019271729095344,0.000204130018272975,0.000439801559665318,0.000170094455085937
37153522.9097175,0.000199280827034323,0.000210714266174741,0.000465011283605766,0.000164247253617063
37583740.4288447,0.000206090021442675,0.000217488046227994,0.000491993529610648,0.000158577683925409
38018939.6320564,0.00021315545403274,0.000224453534722402,0.000520888249762248,0.000153092307340402
38459178.2045357,0.000220488257563495,0.000231612531279283,0.000551845482723673,0.000147795050278562
38904514.4994284,0.00022810014662465,0.000238966407714531,0.00058502538867927,0.000142687628086687
39355007.5455781,0.000236003454999307,0.000246516053262997,0.000620598047701333,0.000137769924245244
39810717.05535,0.000244211177902249,0.000254261816198132,0.000658742906467331,0.000133040325200626
40271703.4325462,0.00025266780992305,0.000262131653489214,0.000699456103944974,0.000128460831812041
40738027.7804116,0.000261401997267497,0.000270140160705584,0.000742956930851695,0.000124041451188131
41209751.9097334,0.000270475354445396,0.00027833420192072,0.000789565657767413,0.000119802953492397
41686938.3470339,0.000279903452859336,0.000286711049989998,0.0008394760540769,0.000115740037249323
42169650.3428586,0.000289702729560505,0.000295267103335512,0.00089287667284022,0.000111847012301819
42657951.8801596,0.000299890548707484,0.000303997812931582,0.000949944088402855,0.000108117928720805
43151907.6827769,0.000310485262474569,0.000312897608435501,0.00101083401720085,0.000104546683099894
43651583.224017,0.000321506275597562,0.000321959824308814,0.00107566995764568,0.000101127105358276
44157044.7353316,0.000332974118933837,0.000331176626922289,0.00114452902377133,9.78530288729892e-05
44668359.2150967,0.000344910522836801,0.000340538943795793,0.00121742457138387,9.47183464520378e-05
45185594.4374926,0.000357338497034507,0.000350036396284554,0.00129428551279462,9.17170543610637e-05
45708818.9614879,0.000370282431742243,0.000359657237180414,0.00137493261391244,8.88432863328392e-05
46238102.1399264,0.000383768176660625,0.00036938829485499,0.00145905179077212,8.60913392301674e-05
46773514.1287202,0.000397823151736394,0.000379214925707202,0.00154616616094437,8.34556917968994e-05
47315125.8961485,0.000412476467700423,0.00038912097680517,0.00163560856445267,8.09310177230951e-05
47863009.2322643,0.00042775901664035,0.000399088760709267,0.0017264968577254,7.85121940652191e-05
48417236.7584104,0.000443703636558571,0.000409099044511618,0.0018177173397987,7.61943059011078e-05
48977881.9368451,0.000460345228330366,0.000419131055156794,0.00190791940291671,7.39726479593219e-05
49545019.0804795,0.00047772090577498,0.000429162503068998,0.00199552775116567,7.18427238432344e-05
50118723.3627277,0.000495870165709442,0.000439169625981543,0.00207877690901835,6.98002433646797e-05
50699070.8274709,0.000514835057014867,0.000449127254730261,0.00215577102009927,6.78411184165854e-05
51286138.399137,0.000534660371809205,0.00045900890248807,0.00222456971009207,6.59614577381414e-05
51880003.8928966,0.000555393846257044,0.000468786878599599,0.00228329606814178,6.41575608633826e-05
52480746.0249778,0.00057708638316348,0.000478432427740275,0.00233025836185113,6.242591149041e-05
53088444.4230993,0.000599792280719908,0.000487915894646436,0.00236407228741771,6.07631704655719e-05
53703179.6370258,0.000623569491746883,0.000497206914056089,0.0023837685460271,5.91661685377497e-05
54325033.1492438,0.00064847990648817,0.000506274624881805,0.00238887030793771,5.76318990083648e-05
54954087.385763,0.000674589630276237,0.000515087906925992,0.00237942855042087,5.6157510376211e-05
55590425.7270409,0.000701969307665615,0.000523615637749097,0.00235601072982637,5.47402990553222e-05
56234132.5190355,0.000730694492081117,0.000531826966554281,0.00231964502150943,5.33777022260769e-05
56885293.0843847,0.000760845963342002,0.000539691601254319,0.00227172855232264,5.20672908655853e-05
57543993.7337163,0.000792510152880047,0.000547180104265022,0.00221391523973969,5.08067629916543e-05
58210321.7770877,0.000825779570290198,0.00055426419197264,0.00214799731809073,4.95939371443667e-05
58884365.5355595,0.000860753211433527,0.000560917032416785,0.00207579427803799,4.84267461225419e-05
59566214.3529017,0.000897537104878502,0.000567113535407622,0.00199906007632555,4.73032309849112e-05
60255958.6074364,0.000936244746776497,0.00057283062919576,0.00191941247015961,4.62215353216065e-05
60953689.7240176,0.000976997680623176,0.000578047517861703,0.00183828715628545,4.51798997972953e-05
61659500.1861489,0.00101992606107766,0.000582745913841154,0.00175691375166767,4.41766569640197e-05
62373483.5482426,0.00106516920833171,0.000586910240485045,0.00167630992883591,4.32102263397382e-05
63095734.44802,0.00111287625057788,0.000590527800151539,0.00159728932023368,4.22791097463874e-05
63826348.6190555,0.00116320675917641,0.000593588904157638,0.00152047832162544,4.13818869000318e-05
64565422.9034662,0.00121633131593516,0.000596086961827823,0.00144633790222266,4.05172112446835e-05
65313055.2647479,0.00127243223991898,0.000598018526936789,0.00137518773119283,3.9683806021028e-05
66069344.8007603,0.00133170409346994,0.000599383300905358,0.00130722987277938,3.88804605599982e-05
66834391.7568622,0.00139435436896109,0.000600184093227803,0.00124257121628423,3.81060267922078e-05
67608297.5391989,0.00146060391408065,0.000600426740683211,0.00118124335213979,3.73594159629649e-05
68391164.7281437,0.0015306874473544,0.000600119987847343,0.00112321993029229,3.66395955435581e-05
69183097.0918944,0.00160485374593511,0.00059927533232638,0.00106843116900918,3.5945586329104e-05
69984199.6002281,0.00168336584558636,0.000597906838897724,0.00101677591693598,3.52764597141001e-05
70794578.4384146,0.00176650081714493,0.000596030927236238,0.000968131319820503,3.46313351363466e-05
71614341.021291,0.00185454938009533,0.000593666138390728,0.000922360547229863,3.40093776810466e-05
72443596.0074998,0.00194781491491259,0.000590832885331261,0.000879318766022727,3.34097958369103e-05
73282453.3138912,0.00204661201173617,0.000587553192937482,0.000838857740590145,3.28318393962937e-05
74131024.1300926,0.00215126441917132,0.000583850432678192,0.000800829294294769,3.22747974923346e-05
74989420.9332464,0.0022621018009847,0.000579749056948358,0.000765087804661173,3.17379967661084e-05
75857757.5029193,0.0023794557981996,0.000575274337638233,0.000731492029007819,3.1220799657295e-05
76736148.9361828,0.00250365440909063,0.000570452113015296,0.000699906314749668,3.07226028125541e-05
77624711.6628701,0.00263501488166673,0.000565308546446355,0.000670201391966213,3.02428356057859e-05
78523563.4610081,0.00277383461677038,0.000559869899876159,0.000642254827420378,2.9780958765394e-05
79432823.4724291,0.00292037993198958,0.000554162324379554,0.000615951234320612,2.93364631036705e-05
80352612.2185627,0.00307487162319834,0.000548211669488506,0.000591182273428156,2.89088683441169e-05
81283051.6164109,0.00323746812400472,0.000542043312418498,0.000567846551649477,2.84977220428121e-05
82224264.9947081,0.00340824467881378,0.000535682007780873,0.000545849402011967,2.81025986003838e-05
83176377.1102681,0.00358716907839371,0.000529151757892036,0.000525102611855591,2.77230983615716e-05
84139514.1645205,0.00377407390565274,0.000522475703363727,0.000505524114471336,2.73588467997614e-05
85113803.8202387,0.00396862404665392,0.000515676033299498,0.000487037639035111,2.70094937842973e-05
86099375.2184611,0.00417028245149864,0.000508773914149827,0.000469572377624906,2.6674712928815e-05
87096358.9956091,0.00437827287107706,0.000501789436032709,0.000453062634655081,2.63542010192851e-05
88104887.3008025,0.00459154139799705,0.000494741575182136,0.000437447480566972,2.60476775207871e-05
89125093.8133757,0.00480872160851776,0.000487648171065046,0.000422670434304666,2.57548841626882e-05
90157113.7605968,0.00502810280099376,0.000480525916665504,0.000408679140750105,2.54755846021905e-05
91201083.9355921,0.00524760813085701,0.000473390360391637,0.000395425073568203,2.52095641667854e-05
92257142.7154775,0.00546478830838727,0.000466255918123874,0.000382863261421411,2.49566296767222e-05
93325430.0797003,0.00567683244956641,0.000459135893922521,0.000370952018411215,2.47166093490954e-05
94406087.6285935,0.00588060587620689,0.000452042508024744,0.00035965270375606,2.44893527857236e-05
95499258.6021449,0.00607271482796445,0.000444986930830068,0.000348929489834311,2.42747310478224e-05
96605087.8989826,0.00624960636962346,0.000437979321673854,0.000338749159619673,2.40726368209467e-05
97723722.0955824,0.00640769357276259,0.000431028871301515,0.000329080903305377,2.38829846746792e-05
98855309.4656952,0.00654351113099293,0.000424143847057956,0.000319896144696468,2.37057114222035e-05
100000000.000001,0.00665388606544361,0.000417331639929685,0.000311168376433857,2.35407765860895e-05
101157945.425991,0.00668789486265463,0.000407659913232669,0.000300705162566605,2.32207600121725e-05
102329299.228077,0.00669127274866234,0.000398189206874345,0.000290779529135591,2.29162706961552e-05
103514216.667936,0.00666337060988649,0.000388921481866021,0.000281360711528349,2.26270467257458e-05
104712854.805091,0.00660438517553866,0.000379857930189818,0.000272420165567277,2.23528543895029e-05
105925372.51773,0.00651535884685811,0.000370999045797279,0.000263931399507686,2.20934883406485e-05
107151930.523762,0.00639812197867807,0.00036234469184569,0.000255869819815852,2.18487718975518e-05
108392691.402122,0.00625518629423021,0.000353894164053002,0.000248212592977085,2.161855749e-05
109647819.61432,0.00608959686000257,0.000345646250115912,0.000240938515446959,2.14027272621121e-05
110917481.526242,0.00590476565285125,0.000337599285195539,0.000234027900890113,2.12011938447818e-05
112201845.430198,0.00570429538903897,0.000329751203517373,0.000227462472270126,2.10139013126789e-05
113501081.567233,0.00549181569449731,0.000322099586171115,0.000221225267446051,2.08408263435683e-05
114815362.14969,0.00527083942125393,0.000314641705222671,0.000215300551807019,2.06819796005244e-05
116144861.384036,0.00504464845417503,0.000307374564279247,0.000209673739833432,2.0537407361277e-05
117489755.493955,0.00481621162718255,0.000300294935656189,0.000204331324351273,2.04071934227591e-05
118850222.743703,0.00458813378048829,0.000293399394313907,0.000199260812489634,2.0291461313774e-05
120226443.461743,0.00436263371904279,0.000286684348735228,0.000194450669839553,2.01903768541409e-05
121618600.064639,0.00414154385213328,0.000280146068921118,0.000189890268840163,2.01041511051826e-05
123026877.08124,0.00392632862886259,0.000273780711678364,0.000185569845720866,2.00330437640533e-05
124451461.17714,0.00371811392199214,0.000267584343379314,0.000181480461749693,1.9977367063524e-05
125892541.179419,0.00351772331068297,0.000261552960359101,0.000177613969588008,1.99374902495361e-05
127350308.101668,0.00332571890844322,0.00025568250712206,0.000173962988294513,1.99138447218029e-05
128824955.169315,0.00314244081569884,0.000249968892514511,0.000170520880602594,1.99069299380296e-05
130316677.845232,0.00296804568348961,0.000244408004018415,0.000167281738022648,1.99173202009237e-05
131825673.855643,0.00280254165636175,0.00023899572031021,0.0001642403707274,1.99456724694301e-05
133352143.216334,0.00264581987042581,0.000233727922223626,0.00016139230483852,1.99927353627052e-05
134896288.259167,0.00249768125715245,0.000228600502243597,0.000158733784554948,2.00593595582013e-05
136458313.658895,0.00235785981591942,0.000223609372654017,0.000156261783094699,2.01465098253937e-05
138038426.460291,0.00222604170433959,0.000218750472450398,0.000153974020301105,2.02552789858909e-05
139636836.105596,0.00210188092493988,0.000214019773121688,0.000151868989018222,2.03869041512934e-05
141253754.462278,0.00198501209817222,0.000209413283398958,0.000149945991902908,2.05427856651909e-05
142889395.851113,0.00187506034581504,0.00020492705305838,0.000148205188154834,2.07245092689185e-05
144543977.074595,0.0017716492054963,0.000200557175860003,0.000146647654377826,2.09338721272224e-05
146217717.445674,0.00167440652143776,0.000196299791698008,0.000145275459635151,2.11729134963345e-05
147910838.816823,0.00158296892128384,0.000192151088029132,0.000144091758933461,2.14439510017719e-05
149623565.609446,0.00149698489531443,0.000188107300641357,0.000143100906637303,2.17496237278807e-05
151356124.843623,0.00141611717555416,0.000184164713818923,0.000142308597583705,2.20929436211014e-05
153108746.168205,0.00134004401435137,0.000180319659954032,0.000141722036470826,2.24773570944828e-05
154881661.891251,0.00126846004243041,0.000176568518650349,0.000141350146296528,2.29068192199995e-05
156675107.010817,0.00120107664327199,0.000172907715359687,0.00014120382313937,2.33858835455745e-05
158489319.246114,0.00113762190992553,0.000169333719587498,0.000141296247596258,2.39198114271982e-05
160324539.069007,0.00106070254149795,0.000163206111224718,0.000139391117168041,2.41249180664819e-05
162181009.735896,0.000982368377516719,0.000156210916610988,0.000136815025287481,2.42133461273357e-05
164058977.319957,0.000910067258858689,0.000149521472396379,0.000134562457815316,2.43570467713794e-05
165958690.743759,0.000843304133923274,0.000143122744008932,0.000132638647813111,2.45608123823322e-05
167880401.812259,0.000781626200957959,0.000137000428069373,0.000131052264407822,2.48304212439629e-05
169824365.246177,0.000724619375556904,0.000131140916071409,0.000129815983464994,2.51728512500242e-05
171790838.715762,0.000671905018218999,0.000125531259665821,0.000128947228021016,2.55965529333758e-05
173780082.87494,0.00062313686737436,0.000120159137508874,0.000128469130345904,2.61118012870747e-05
175792361.395872,0.000577998232949752,0.000115012823634413,0.000128411791363089,2.67311533581113e-05
177827941.003895,0.000536199420538309,0.000110081157307489,0.000128813940688576,2.74700494466983e-05
179887091.512882,0.000497475354315714,0.000105353514317151,0.000129725142790502,2.83476116418347e-05
181970085.861001,0.000461583403664509,0.000100819779666879,0.000131208759839731,2.93877170463237e-05
184077200.146899,0.000428301408369968,9.64703216219727e-05,0.000133345977669409,3.06204586762229e-05
186208713.66629,0.000397425866129032,9.22959670751492e-05,0.000136241344642795,3.2084161624812e-05
188364908.948983,0.000368770283504816,8.82879781940682e-05,0.000140030501352384,3.38282071639505e-05
190546071.796328,0.000342163676355162,8.44380303174029e-05,0.000144891134890194,3.59170523305089e-05
192752491.319097,0.000317449208169318,8.07381910698291e-05,0.00015105876416705,3.8436050134356e-05
194984459.975808,0.000294482944981384,7.71809006705867e-05,0.000158849895350513,4.15000326628508e-05
197242273.611489,0.000273132727996124,7.37589534149854e-05,0.000168696641100352,4.5266214897781e-05
199526231.496891,0.000253277149001659,7.04654803141303e-05,0.00018119950215401,4.99539822829601e-05
201836636.36816,0.000234804616541907,6.72939328843194e-05,0.000197209409346977,5.58758282079516e-05
204173794.466956,0.000217612510321228,6.42380680847596e-05,0.000217957456897377,6.34865489337278e-05
206538015.581057,0.000201606411988695,6.1291934410562e-05,0.000245262260510696,7.34622477234428e-05
208929613.085408,0.000186699403571973,5.84498591567367e-05,0.000281859475393995,8.6826205366985e-05
211348903.983668,0.000172811432891862,5.57064368795023e-05,0.000331899891116613,0.000105138506608549
213796208.950227,0.000159868735765661,5.30565190923211e-05,0.000401565624831827,0.000130724710849905
216271852.372706,0.000147803310454208,5.04952052471887e-05,0.00049917755287471,0.000166681167509561
218776162.394959,0.000136552437502503,4.80178350656439e-05,0.000631721084579341,0.00021542503392873
221309470.960568,0.000126058247834766,4.56199823002007e-05,0.000787719732022546,0.000272050473875248
223872113.856838,0.000116267325750357,4.32974500242789e-05,0.000897041653798752,0.000310497012658646
226464430.75931,0.000107130348789695,4.10462675683425e-05,0.000843379063128253,0.000292201672794357
229086765.276781,9.86017623154046e-05,3.88626892413274e-05,0.00063771200619271,0.000224285398697671
231739464.996852,9.06394804459779e-05,3.67431949998811e-05,0.000421586964827394,0.000152732366698345
234422881.531996,8.32046168194133e-05,3.46844932533061e-05,0.000267496977894117,0.000100436147166267
237137370.56617,7.626123882202e-05,3.26835260193455e-05,0.000170995707127946,6.65901810634593e-05
239883291.901953,6.9776145476999e-05,3.07374766748048e-05,0.000111935591523212,4.51652761376654e-05
242661009.508246,6.37186662242225e-05,2.88437805752242e-05,7.52167621160924e-05,3.14046883951751e-05
245470891.568508,5.80604789248417e-05,2.70001388486533e-05,5.17609124529228e-05,2.23362981335087e-05
248313310.529562,5.27754470431452e-05,2.52045356994522e-05,3.63474285338958e-05,1.61949196425158e-05
251188643.150963,4.78394732582998e-05,2.34552595877569e-05,2.59518198238052e-05,1.19289185139083e-05
254097270.554935,4.32303699952452e-05,2.17509286775166e-05,1.87788803001821e-05,8.89832559863721e-06
257039578.276891,3.89277456759223e-05,2.0090520969148e-05,1.37319717429055e-05,6.70316911038014e-06
260015956.316532,3.49129061406126e-05,1.84734095498234e-05,1.01217636780855e-05,5.08658812803375e-06
263026799.189543,3.1168772034396e-05,1.68994034030013e-05,7.50323355796204e-06,3.87932062925369e-06
266072505.979886,2.76798111354803e-05,1.53687942166184e-05,5.58202900466755e-06,2.9671520988023e-06
269153480.392697,2.44319873324273e-05,1.38824096140147e-05,4.15917281815111e-06,2.27133543556092e-06
272270130.807796,2.14127266729197e-05,1.2441673201488e-05,3.09752241872217e-06,1.73651118558217e-06
275422870.333822,1.8610902027647e-05,1.10486717805046e-05,2.30090548887804e-06,1.32307298200676e-06
278612116.862982,1.60168389704415e-05,9.70623001226611e-06,1.70083489890856e-06,1.00223241252395e-06
281838293.126451,1.36223452737669e-05,8.41799275194242e-06,1.24786681796232e-06,7.52761665719862e-07
285101826.750396,1.1420768546151e-05,7.18851519838407e-06,9.05868298381145e-07,5.58801947398416e-07
288403150.312666,9.40708704608076e-06,6.0233609484413e-06,6.4814639829806e-07,4.08362784915779e-07
291742701.400122,7.57804104626555e-06,4.92920802819953e-06,4.5479146089747e-07,2.9227771978832e-07
295120922.666644,5.93231398556409e-06,3.91396303388932e-06,3.10826425675269e-07,2.03466798765813e-07
298538261.891802,4.47077596418715e-06,2.98688370579893e-06,2.04900006795422e-07,1.36408681484941e-07
301995172.040208,3.19680644607943e-06,2.15871065108151e-06,1.2835238008623e-07,8.67581493213118e-08
305492111.321557,2.11671828465485e-06,1.44180962010022e-06,7.45395564892913e-08,5.10659070030138e-08
309029543.251365,1.24031336404816e-06,8.50326845277633e-07,3.83397043630654e-08,2.65713057078372e-08
312607936.712402,5.81610740758377e-07,4.00361618188547e-07,1.57889645176637e-08,1.10476932792649e-08
316227766.016844,1.59803333071116e-07,1.1016268547353e-07,3.81043838777572e-09,2.68617878249436e-09
319889510.969146,5.20615690539755e-10,3.58392272966386e-10,1.09016064740506e-11,7.72570396535166e-12
323593656.929635,1.37505473394984e-07,9.42350289659361e-08,2.52721496130128e-09,1.79632224224584e-09
327340694.878845,6.14857791195416e-07,4.18083811760467e-07,9.90952973437625e-09,7.04794567136036e-09
331131121.482598,1.49006264135451e-06,1.00164465810789e-06,2.10319648330267e-08,1.49314210115303e-08
334965439.157834,2.83811793035393e-06,1.87868476303049e-06,3.50239611985882e-08,2.47582587802083e-08
338844156.139209,4.75722282356417e-06,3.08776236965762e-06,5.1217322415843e-08,3.59592680942512e-08
342767786.546457,7.37671235551728e-06,4.67324156930461e-06,6.91052495191682e-08,4.80662652033681e-08
346736850.452539,1.08682722948734e-05,6.68664305846543e-06,8.831062299417e-08,6.06975917326624e-08
350751873.952575,1.54620193841326e-05,9.18843912823416e-06,1.08561479167185e-07,7.35464607651974e-08
354813389.233583,2.14699194374321e-05,1.22504291346504e-05,1.2967214387206e-07,8.63713885370646e-08
358921934.645013,2.93204682288168e-05,1.59588637724701e-05,1.51528873835747e-07,9.8988161926065e-08
363078054.770109,3.96109795629924e-05,2.04185196956911e-05,1.7407915211941e-07,1.11262947841444e-07
367282300.498092,5.31879385616879e-05,2.5757951614093e-05,1.97324015873955e-07,1.23106276811777e-07
371535229.09718,7.12729352932829e-05,3.21361450994068e-05,2.2131297882473e-07,1.34467733955877e-07
375837404.288452,9.56640005623064e-05,3.97507100178796e-05,2.46141268837644e-07,1.45331269475282e-07
380189396.320569,0.000129063456065161,4.88474832888258e-05,2.71949237489121e-07,1.5571110096865e-07
384591782.045362,0.000175619313180263,5.97307238875139e-05,2.98923933026711e-07,1.65648224644233e-07
389045144.994289,0.00024182188261563,7.27715275771893e-05,3.27302965577697e-07,1.75207585779431e-07
393550075.455786,0.000337952615935061,8.84087992387157e-05,3.57380949025655e-07,1.84475984932447e-07
398107170.553506,0.000480202740770856,0.00010713060705741,3.89518995716898e-07,1.9356082028678e-07
402717034.325468,0.000691075780993477,0.000129102585498639,4.23144035515637e-07,2.0210550607099e-07
407380277.804121,0.000998577926962303,0.000154564416533371,4.5886107455126e-07,2.10347724211184e-07
412097519.097339,0.00141359939994401,0.000183509949651662,4.97942705172121e-07,2.18781985812145e-07
416869383.470344,0.00186027845837815,0.000214824217371434,5.41150084498181e-07,2.27601883259821e-07
421696503.428591,0.00212840658042246,0.000245879341282894,5.89426902502725e-07,2.37030139137744e-07
426579518.801602,0.00205633521938854,0.000272228581085753,6.43953657075206e-07,2.47326135053497e-07
431519076.827775,0.00174810053061207,0.000288330028182412,7.0622118877574e-07,2.58796401601137e-07
436515832.240175,0.0013996219482628,0.000289746865963472,7.78130651532284e-07,2.71808868414381e-07
441570447.353322,0.00110773882959344,0.000275713258576882,8.62129596869485e-07,2.86811838056822e-07
446683592.150973,0.000887066006695547,0.000249745599543925,9.61396550642586e-07,3.04358662715003e-07
451855944.374932,0.000724805484736442,0.000217600429790714,1.08008815159608e-06,3.2513861988929e-07
457088189.614885,0.000605292343402039,0.000184556606170201,1.22365971235023e-06,3.5001262945264e-07
462381021.39927,0.000516161998728295,0.000154002722471984,1.39925144574266e-06,3.80047118347639e-07
467735141.287209,0.000448675287271794,0.000127462028192459,1.61607122600807e-06,4.16525586422807e-07
473151258.961491,0.000396840941118282,0.000105222406998569,1.88553410787752e-06,4.60884324498652e-07
478630092.322649,0.000356560836205765,8.6946008354861e-05,2.22049088421745e-06,5.14444671855755e-07
484172367.58411,0.000325008908177932,7.20638325937394e-05,2.63192685536369e-06,5.77668340852196e-07
489778819.368457,0.000300215764296999,5.99802601134409e-05,3.11984930630775e-06,6.48455204506862e-07
495450190.804801,0.000280797739671979,5.01599005686854e-05,3.65395707117484e-06,7.19029165382629e-07
501187233.627284,0.000265781299558852,4.215369751917e-05,4.14591213799907e-06,7.72368220945875e-07
506990708.274716,0.00025448943750264,3.55978643447828e-05,4.44165409028001e-06,7.83470687139462e-07
512861383.991377,0.000246469209972764,3.02027669353021e-05,4.39044256815232e-06,7.33292759509577e-07
518800038.928973,0.000241447332302752,2.5739587862189e-05,3.97465271825308e-06,6.28359672875609e-07
524807460.249785,0.000239306647740171,2.20279414969962e-05,3.3401801867947e-06,4.99425900988505e-07
530884444.231,0.000240079805794231,1.89254495679906e-05,2.67268308452327e-06,3.77564692668952e-07
537031796.370265,0.000243959578187273,1.6319369934825e-05,2.08690826596481e-06,2.78254220637911e-07
543250331.492446,0.000251328263632446,1.41200337310523e-05,1.61818723885641e-06,2.03449128203404e-07
549540873.857637,0.000262812176738169,1.22557614505712e-05,1.25893498457271e-06,1.49125749036885e-07
555904257.270416,0.000279371617086074,1.06689446584091e-05,9.87918134762488e-07,1.1016630404185e-07
562341325.190362,0.000302442954896604,9.31302889768156e-06,7.83740932401912e-07,8.2213205420337e-08
568852930.843855,0.000334154117979136,8.15018672661301e-06,6.28985361027366e-07,6.20166337144977e-08
575439937.33717,0.000377627187217319,7.14951720706866e-06,5.10563223758389e-07,4.72780382896299e-08
582103217.770885,0.000437311740764628,6.28564683200258e-06,4.1894716994026e-07,3.64028550091618e-08
588843655.355603,0.000518981898145265,5.5376371238532e-06,3.4726993782906e-07,2.82884637664007e-08
595662143.529024,0.000627918377982858,4.88812726676372e-06,2.90576851675862e-07,2.2168725901083e-08
602559586.074372,0.00076096002000283,4.323604250115e-06,2.45323682025613e-07,1.75104191835646e-08
609536897.240184,0.000885054738218072,3.83224042971813e-06,2.08881826958804e-07,1.39328378253849e-08
616595001.861497,0.000919319410875882,3.40216624414961e-06,1.79202947913161e-07,1.11565900158287e-08
623734835.482434,0.000802631938613326,3.02490894909752e-06,1.54834488215745e-07,8.98512413386844e-09
630957344.480208,0.000597009903079249,2.69329605426517e-06,1.34677144193454e-07,7.27437719987613e-09
638263486.190564,0.000406405382552803,2.40123466494063e-06,1.17890348341126e-07,5.91765013414449e-09
645654229.034671,0.000269874393569018,2.14353192458644e-06,1.03825060951835e-07,4.83513625017554e-09
653130552.647488,0.00018075183534097,1.91574823539627e-06,9.19755202561185e-08,3.966591368777e-09
660693448.007612,0.000123638431527693,1.71407674724944e-06,8.19442556408355e-08,3.2661466177432e-09
668343917.568631,8.6608818327482e-05,1.53524399820398e-06,7.34164717148633e-08,2.69859824617688e-09
676082975.391998,6.20647666255275e-05,1.37642766457925e-06,6.61411143767863e-08,2.23672656017677e-09
683911647.281446,4.53955105792597e-05,1.23518821232502e-06,5.99167547234448e-08,1.85933951013562e-09
691830970.918953,3.38060041231122e-05,1.10941189116585e-06,5.45809824630919e-08,1.54983178520708e-09
699841996.002291,2.55737246501102e-05,9.97263021773839e-07,5.00023902671875e-08,1.29511425500307e-09
707945784.384155,1.96129291677828e-05,8.97143926713731e-07,4.60744872174277e-08,1.08481198310047e-09
716143410.21292,1.52227725903966e-05,8.07661172294857e-07,4.27110832342546e-08,9.10658752700635e-10
724435960.075008,1.19402913008966e-05,7.27597039859575e-07,3.98428088222415e-08,7.66036601870009e-10
732824533.138922,9.45298919122529e-06,6.55885345443256e-07,3.74145460992123e-08,6.45623225378261e-10
741310241.300936,7.54571053849934e-06,5.91590887258472e-07,3.53836240523146e-08,5.45120225003815e-10
749894209.332474,6.06761747267877e-06,5.33891929599953e-07,3.37186993411807e-08,4.61042393720412e-10
758577575.029203,4.91121368801867e-06,4.82065235973961e-07,3.23993207044762e-08,3.90553388715501e-10
767361489.361838,3.99874108580147e-06,4.35473248768918e-07,3.14162547807089e-08,3.31336888809755e-10
776247116.628711,3.27318698696988e-06,3.93553081519844e-07,3.07727762248156e-08,2.81495059929976e-10
785235634.610092,2.6922317660223e-06,3.55807045951774e-07,3.04873122445054e-08,2.39468156934988e-10
794328234.724302,2.22410791255974e-06,3.21794481964605e-07,3.05981652325759e-08,2.03970573740216e-10
803526122.185638,1.83656953201551e-06,2.89837925873951e-07,3.10338599262682e-08,1.73170945825698e-10
812830516.16412,1.51122020026676e-06,2.59262426584321e-07,3.18023093671476e-08,1.46134423147829e-10
822242649.947092,1.24765591157426e-06,2.31967846834026e-07,3.32747857272007e-08,1.23448210454048e-10
831763771.102692,1.03320865749436e-06,2.07588645577759e-07,3.57033020793779e-08,1.04386848400807e-10
841395141.645217,8.58022685405026e-07,1.85802139187434e-07,3.95183496038993e-08,8.8350864378273e-11
851138038.202398,7.14379134090939e-07,1.6632317665632e-07,4.54867694466944e-08,7.48438951146357e-11
860993752.184623,5.96195512913091e-07,1.48899518593981e-07,5.50502595087073e-08,6.34541665800576e-11
870963589.956103,4.98651453101786e-07,1.33307820840955e-07,7.10721741257327e-08,5.38394588765541e-11
881048873.008037,4.17906581611486e-07,1.19350138431652e-07,9.93073623016169e-08,4.57148675462475e-11
891250938.133769,3.50886222110338e-07,1.06850878158188e-07,1.48452984494553e-07,3.88428157532914e-11
901571137.60598,2.9511743880313e-07,9.56541385168502e-08,2.03465133921876e-07,3.30248835807168e-11
912010839.355933,2.4860275376331e-07,8.56213847201412e-08,1.71909360206182e-07,2.80951084019907e-11
922571427.154787,2.09722288470363e-07,7.66294139638688e-08,8.97742578684143e-08,2.39144793787907e-11
933254300.797015,1.77157472957975e-07,6.85685725156992e-08,4.30726521152904e-08,2.03664037543477e-11
944060876.285948,1.49831237521381e-07,6.13411915936937e-08,2.21129509040121e-08,1.73529659355847e-11
954992586.021461,1.26860896915463e-07,5.48602136047798e-08,1.22820566147652e-08,1.47918348366919e-11
966050878.989839,1.07520839797544e-07,4.90479842337145e-08,7.27347846568518e-09,1.26137024832639e-11
977237220.955837,9.12128510551409e-08,4.38351892154184e-08,4.52639909354828e-09,1.0760158918225e-11
988553094.656965,7.74424042702842e-08,3.91599174907653e-08,2.927401186451e-09,9.18192615222468e-12
1000000000.00003,6.57996433329873e-08,3.49668348942296e-08,1.95163770777308e-09,7.83738815592716e-12
1011579454.25993,5.59440681391429e-08,3.12064546277148e-08,1.33323484046137e-09,6.69136540129688e-12
1023292992.28078,4.75921565901249e-08,2.78344925824417e-08,9.29099672141843e-10,5.71409177575465e-12
1035142166.67937,4.05073264616144e-08,2.48112971290779e-08,6.58240751775549e-10,4.88035925318425e-12
1047128548.05093,3.44917665216024e-08,2.21013443362833e-08,4.72848503135649e-10,4.16880185466358e-12
1059253725.17732,2.93797694338595e-08,1.96727907391452e-08,3.43685975203877e-10,3.56129544426516e-12
1071519305.23764,2.50322732921462e-08,1.74970767779379e-08,2.5233041138056e-10,3.04245399997035e-12
1083926914.02123,2.13323806779241e-08,1.55485748978819e-08,1.86872260111007e-10,2.5992063518414e-12
1096478196.14321,1.81816700884887e-08,1.38042770493676e-08,1.39440727654513e-10,2.22044012901923e-12
1109174815.26243,1.60466037096803e-08,1.26776110436222e-08,1.08446879780426e-10,1.96394950889262e-12
1122018454.30199,1.4353769548652e-08,1.17880731866421e-08,8.59769700839774e-11,1.76037161151655e-12
1135010815.67235,1.28383215171371e-08,1.09485720691989e-08,6.85073960787582e-11,1.57760336633274e-12
1148153621.49691,1.14809318148747e-08,1.01566296180517e-08,5.48298895561622e-11,1.41347478395685e-12
1161448613.84037,1.02645308536715e-08,9.4099260642297e-09,4.40543214251119e-11,1.26605108425622e-12
1174897554.93956,9.174020728789e-09,8.70628595857798e-09,3.55176173984435e-11,1.13360596485011e-12
1188502227.43705,8.19602824447084e-09,8.04366519338281e-09,2.87208758787118e-11,1.01459807457329e-12
1202264434.61745,7.31869156217648e-09,7.42013896826808e-09,2.3285308927956e-11,9.07650285183198e-13
1216186000.6464,6.53147559322616e-09,6.83389064885377e-09,1.89209547081578e-11,8.11531409318298e-13
1230268770.81242,5.82501188641158e-09,6.28320147602402e-09,1.54041843682356e-11,7.2514005963235e-13
1244514611.77142,5.19095944723725e-09,5.76644109121709e-09,1.25613486377878e-11,6.47490384322475e-13
1258925411.7942,4.62188359423506e-09,5.28205884919618e-09,1.02567657130673e-11,5.77699448917497e-13
1273503081.0167,4.11115025731444e-09,4.82857589431066e-09,8.38381352866276e-12,5.14976064042414e-13
1288249551.69317,3.65283361793057e-09,4.40457797947633e-09,6.85826638546728e-12,4.58610884631172e-13
1303166778.45234,3.24163527734037e-09,4.0087090081541e-09,5.61327006049015e-12,4.0796762829863e-13
1318256738.55644,2.87281335368805e-09,3.63966528053889e-09,4.59552388118508e-12,3.62475279844663e-13
1333521432.16336,2.54212024046348e-09,3.29619042344322e-09,3.76235987776162e-12,3.21621165531407e-13
1348962882.59169,2.24574785305679e-09,2.9770709817104e-09,3.07949364616123e-12,2.84944795251307e-13
1364583136.58896,1.98027939394773e-09,2.68113264560786e-09,2.51928204311348e-12,2.5203238326747e-13
1380384264.60292,1.7426468094899e-09,2.40723708520511e-09,2.05936595855571e-12,2.22511969145822e-13
1396368361.05598,1.53009320749167e-09,2.1542793584456e-09,1.68160750031153e-12,1.96049070017485e-13
1412537544.6228,1.19429292536256e-09,1.71210421230671e-09,1.22202084592586e-12,1.53586827235715e-13
1428893958.51114,8.98949968544358e-10,1.31085550672212e-09,8.57264368567777e-13,1.16057290917975e-13
1445439770.74597,6.74593555325052e-10,9.996110673421e-10,6.00147067349112e-13,8.74529540186225e-14
1462177174.45676,5.04529402536357e-10,7.58961935647398e-10,4.19120795740129e-13,6.56930568734088e-14
1479108388.16825,3.75927641930852e-10,5.73539870886556e-10,2.91859074480207e-13,4.91752597347398e-14
1496235656.09448,2.78937972807079e-10,4.31201995251815e-10,2.02558924545719e-13,3.66666520415539e-14
1513561248.43625,2.06006042708939e-10,3.22375566277296e-10,1.4003550393847e-13,2.72194492351135e-14
1531087461.68208,1.51345451651206e-10,2.39532120765817e-10,9.63749294179736e-14,2.01058023004743e-14
1548816618.91253,1.10530102026721e-10,1.76766046092424e-10,6.59807742100285e-14,1.47674028392864e-14
1566751070.1082,8.01796064971414e-11,1.29457358726026e-10,4.48986438785659e-14,1.0776540207459e-14
1584893192.46116,5.77166389725099e-11,9.40023089029698e-11,3.03374331221697e-14,7.80602129716363e-15
1603245390.69009,4.11798913723087e-11,6.75985498469085e-11,2.03298483935295e-14,5.60594755552777e-15
1621810097.35898,2.90799969299382e-11,4.80741439019607e-11,1.34916341476575e-14,3.98579620546958e-15
1640589773.19959,2.02886391379781e-11,3.37517355127837e-11,8.85080404317406e-15,2.80060306783879e-15
1659586907.43761,1.39532810975535e-11,2.33408910900867e-11,5.72655011472863e-15,1.94031586539172e-15
1678804018.12261,9.43166346280946e-12,1.58529605485759e-11,3.64341675026743e-15,1.32159720795195e-15
1698243652.4618,6.24154623109438e-12,1.05339136148701e-11,2.27051155218271e-15,8.81519392304991e-16
1717908387.15764,4.02219664050428e-12,6.81149369043875e-12,1.37849028828884e-15,5.72719368192966e-16
1737800828.74943,2.50492057124074e-12,4.25375212132716e-12,8.09156405763574e-16,3.59679988360712e-16
1757923613.95875,1.49055020090228e-12,2.53660791379412e-12,4.54008756262097e-16,2.15879379303971e-16
1778279410.03898,8.32276724674075e-13,1.41854809899987e-12,2.39132002848336e-16,1.2160890207019e-16
1798870915.12884,4.2258534359932e-13,7.2096315443885e-13,1.14578354413402e-16,6.23055648435867e-17
1819700858.61004,1.99439873464357e-13,3.40406075330988e-13,5.10478238368219e-17,2.96763322276078e-17
1840772001.46901,6.92591875436831e-14,1.18202109772231e-13,1.67406381167642e-17,1.04020771101624e-17
1862087136.66292,9.36959514489555e-15,1.59815314618743e-14,2.13939419462499e-18,1.42053595278476e-18
1883649089.48986,2.90455101685279e-15,4.94908266107737e-15,6.26706785678047e-19,4.44556556538727e-19
1905460717.9633,3.61407334409957e-14,6.1489388640058e-14,7.3710965538155e-18,5.58432628367196e-18
1927524913.19099,9.79763577213304e-14,1.66380400228913e-13,1.88944876316741e-17,1.52830138003375e-17
1949844599.75811,1.79491091866867e-13,3.04110976542518e-13,3.27385322050043e-17,2.82623847944423e-17
1972422736.11491,2.73575186913538e-13,4.62290674609176e-13,4.72078641213593e-17,4.34768904796884e-17
1995262314.96894,3.74617292068508e-13,6.31140945466041e-13,6.11731687592074e-17,6.00749566452746e-17
2018366363.68162,4.78242003340151e-13,8.03057988270646e-13,7.39206984435751e-17,7.7366395637562e-17
2041737944.66959,5.8108953952925e-13,9.72238489263278e-13,8.50377909631571e-17,9.47950290328815e-17
2065380155.81059,6.80631076495246e-13,1.13436037444412e-12,9.43262390085114e-17,1.11915749094858e-16
2089296130.8541,7.75014249098337e-13,1.28631153665214e-12,1.01737153214904e-16,1.28375365906771e-16
2113489039.83671,8.62934149225393e-13,1.42596026243309e-12,1.07322363844585e-16,1.43896687203957e-16
2137962089.5023,9.43525858210242e-13,1.55196178431046e-12,1.1119850604327e-16,1.58265361750753e-16
2162718523.72709,1.01627514554444e-12,1.66359602304382e-12,1.13520792314276e-16,1.71319086530573e-16
2187761623.94962,1.08094447679548e-12,1.76063216521545e-12,1.1446414841657e-16,1.82938834647657e-16
2213094709.60571,1.13751190906321e-12,1.84321624685857e-12,1.14209914453015e-16,1.93041806003894e-16
2238721138.56841,1.18612081382606e-12,1.91177838787302e-12,1.1293672216346e-16,2.01575837843736e-16
2264644307.59313,1.22703869453439e-12,1.96695674713945e-12,1.10814481077817e-16,2.08515038395791e-16
2290867652.76785,1.2606236105037e-12,2.00953564870958e-12,1.08000652652762e-16,2.13856425600016e-16
2317394649.96855,1.28729697489416e-12,2.04039566809616e-12,1.04638188696533e-16,2.17617365998091e-16
2344228815.32,1.30752165948208e-12,2.06047376826899e-12,1.00854657551677e-16,2.19833618431998e-16
2371373705.66173,1.32178452188982e-12,2.07073184040897e-12,9.67622000888764e-17,2.20557795586466e-16
2398832919.01957,1.33058259846518e-12,2.07213223822869e-12,9.24580462591133e-17,2.19858066321271e-16
2426610095.08249,1.28065214350752e-12,1.98240038224893e-12,8.44790665399626e-17,2.09041626646267e-16
2454708915.68511,1.22623185690204e-12,1.88666125863424e-12,7.67998447964536e-17,1.97234292099818e-16
2483133105.29565,1.17059362637201e-12,1.79006750921663e-12,6.96171215639754e-17,1.85047285141174e-16
2511886431.50966,1.11446644090908e-12,1.69377956357857e-12,6.29432286579483e-17,1.726742407754e-16
2540972705.54939,1.05846340013924e-12,1.59875092871052e-12,5.67776729184267e-17,1.60289455682459e-16
2570395782.76895,1.00309317433991e-12,1.50575124126467e-12,5.11102541101966e-17,1.48047179946574e-16
2600159563.16536,9.48771309861884e-13,1.41538854550046e-12,4.59236446562226e-17,1.36081161166115e-16
2630267991.89547,8.95831096441948e-13,1.32813033165537e-12,4.11954958751983e-17,1.24504487362384e-16
2660725059.79889,8.44533816510392e-13,1.24432304826604e-12,3.69001349194124e-17,1.13409771989035e-16
2691534803.927,7.95078255413555e-13,1.1642099350481e-12,3.30099122507379e-17,1.02869709457728e-16
2722701308.078,7.47609420690511e-13,1.08794712045091e-12,2.9496255150701e-17,9.29380066249874e-17
2754228703.33826,7.02226445286459e-13,1.01561799758178e-12,2.63304762355496e-17,8.3650669028846e-17
2786121168.62986,6.58989689165991e-13,9.47245940406924e-13,2.34843804530424e-17,7.50275948163547e-17
2818382931.26455,6.17927064471172e-13,8.82805453928021e-13,2.09307077679835e-17,6.70744080842325e-17
2851018267.504,5.79039626857588e-13,8.22231871487677e-13,1.86434434967959e-17,5.97844494269294e-17
2884031503.1267,5.42306485982629e-13,7.65429722507976e-13,1.6598023347715e-17,5.31408360368786e-17
2917427014.00126,5.07689086254738e-13,7.12279897533697e-13,1.47714555750154e-17,4.71185065403653e-17
2951209226.66648,4.75134915053376e-13,6.62645736116932e-13,1.31423789645013e-17,4.16861754688505e-17
2985382618.91806,4.44580696910107e-13,6.16378158461441e-13,1.16910720500296e-17,3.68081368118853e-17
3019951720.40212,4.15955123555685e-13,5.73319955020945e-13,1.03994258928517e-17,3.24458731485846e-17
3054921113.21561,3.89181174901006e-13,5.33309340110489e-13,9.25089057786339e-18,2.8559444241401e-17
3090295432.51369,3.64178077571565e-13,4.96182866877786e-13,8.23040338841176e-18,2.51086449908714e-17
3126079367.12406,3.40862945131943e-13,4.6177779201129e-13,7.32430497523137e-18,2.20539361239195e-17
3162277660.16848,3.19152144136767e-13,4.29933969752869e-13,6.52024852262718e-18,1.93571613326201e-17
3198895109.6915,2.98962418639131e-13,4.00495346337813e-13,5.8071055907327e-18,1.69820716948622e-17
3235936569.29639,2.80211812400116e-13,3.73311118072333e-13,5.17487161782113e-18,1.48946823382544e-17
3273406948.78849,2.62820415598721e-13,3.48236608990418e-13,4.61457311201316e-18,1.3063487930637e-17
3311311214.82602,2.46710965289484e-13,3.25133917446599e-13,4.11817808927849e-18,1.14595632555656e-17
3349654391.57839,2.31809325754474e-13,3.03872375180247e-13,3.67851082299291e-18,1.00565734358099e-17
3388441561.39214,2.18044869425873e-13,2.84328857320248e-13,3.28917154656416e-18,8.83071581038468e-18
3427677865.46462,2.05350780589522e-13,2.66387977513151e-13,2.94446152887611e-18,7.76061247641039e-18
3467368504.52543,1.93664302259202e-13,2.49942198925425e-13,2.63931371113144e-18,6.82716939966288e-18
3507518739.5258,1.82926942964668e-13,2.34891889281379e-13,2.36922889263402e-18,6.01341500137049e-18
3548133892.33588,1.73084663080492e-13,2.21145346491837e-13,2.13021738561727e-18,5.30432839040361e-18
3589219346.45017,1.64088060052652e-13,2.08618820923798e-13,1.9187459622626e-18,4.68666500711769e-18
3630780547.70114,1.67283044500643e-13,2.11647879704053e-13,1.85821778584935e-18,4.45192123390988e-18
3672823004.98097,1.75245706106169e-13,2.20659576864819e-13,1.84890119536153e-18,4.34457644024247e-18
3715352290.97185,1.84071857459577e-13,2.30676682126365e-13,1.84407863068312e-18,4.24996854209505e-18
3758374042.88457,1.93908771711333e-13,2.41869812359965e-13,1.84418226037321e-18,4.16850950425083e-18
3801893963.20574,2.04936005898163e-13,2.54446668411795e-13,1.84973513091749e-18,4.1007288445414e-18
3845917820.45367,2.17374522304303e-13,2.68662493311684e-13,1.86137587605088e-18,4.04731466566781e-18
3890451449.94294,2.31498990946087e-13,2.84834163208286e-13,1.87989121243888e-18,4.00916427229098e-18
3935500754.55791,2.47654613688291e-13,3.03359438397137e-13,1.90625927841149e-18,3.98744861049571e-18
3981071705.53511,2.66280483367391e-13,3.24743667462249e-13,1.94170829127464e-18,3.98369660081486e-18
4027170343.25473,2.87942571692335e-13,3.49637455967796e-13,1.98779725305375e-18,3.99990824969235e-18
4073802778.04127,3.13381183408417e-13,3.78890795931974e-13,2.04652886627534e-18,4.03870982815527e-18
4120975190.97344,3.43580654611626e-13,4.13632470064987e-13,2.12051053606022e-18,4.10357144761765e-18
4168693834.7035,3.79874117492653e-13,4.55389252411753e-13,2.21318867895448e-18,4.1991188910516e-18
4216965034.28597,4.24105153882178e-13,5.06269567064736e-13,2.32919767399382e-18,4.33159093620605e-18
4265795188.01608,4.78884733478537e-13,5.69254946293834e-13,2.47489301347426e-18,4.509526956786e-18
4315190768.2778,5.48013760261843e-13,6.4867848809849e-13,2.65919006487306e-18,4.74482962824521e-18
4365158322.40181,6.37205912332691e-13,7.51041680270216e-13,2.89492834570878e-18,5.05445912137187e-18
4415704473.53328,7.55382635438413e-13,8.86474372948174e-13,3.20117767333479e-18,5.46323148844756e-18
4466835921.50979,9.17124167734895e-13,1.07149046171199e-12,3.60731646345292e-18,6.00863452282037e-18
4518559443.74938,1.14762677874008e-12,1.33454293968446e-12,4.16064021087928e-18,6.74952428536025e-18
4570881896.14891,1.49358366063987e-12,1.7281672630247e-12,4.94150210645608e-18,7.78275526192898e-18
4623810213.99277,2.04967025729836e-12,2.35838516582775e-12,6.09593194110461e-18,9.27726342265769e-18
4677351412.87215,3.03231527683143e-12,3.46602946031323e-12,7.91330670032695e-18,1.15501451603892e-17
4731512589.61497,5.0262300273332e-12,5.69578003700758e-12,1.10369814288271e-17,1.52557426915473e-17
4786300923.22655,1.00453557666169e-11,1.1235836715148e-11,1.71449102531182e-17,2.19251334500437e-17
4841723675.84117,2.76702333734267e-11,3.025457293906e-11,3.17579592266565e-17,3.58046520913078e-17
4897788193.68464,7.24898430374586e-11,8.04823813671587e-11,8.00839557329893e-17,7.14934112805147e-17
4954501908.04808,2.62445529172901e-11,3.09411076421655e-11,2.35732711500628e-16,1.77458248485723e-16
5011872336.2729,8.70767190393293e-12,1.01878219632564e-11,9.75324590928747e-17,1.94171270811309e-16
5069907082.74723,4.04737807486212e-12,4.69341211866069e-12,2.92385267846532e-17,6.61964240713119e-17
5128613839.91383,2.27410355219844e-12,2.61934451339402e-12,1.24707978243216e-17,2.60458774452549e-17
5188000389.2898,1.43351271719524e-12,1.64226336538837e-12,6.54019221644015e-18,1.27666894985335e-17
5248074602.49792,9.74903341302402e-13,1.11178997206754e-12,3.87949783376737e-18,7.20443719897691e-18
5308844442.31008,6.99460158150652e-13,7.94471619464282e-13,2.49352581394623e-18,4.4569751131668e-18
5370317963.70272,5.22127471055893e-13,5.90892239288393e-13,1.69513355996723e-18,2.93837109750924e-18
5432503314.92453,4.01813881998074e-13,4.53201906114878e-13,1.20091526507219e-18,2.0290585051458e-18
5495408738.57645,3.167765373717e-13,3.56160728812862e-13,8.78076298531536e-19,1.45125500147072e-18
5559042572.70424,2.54669131930187e-13,2.85475258622863e-13,6.5821654602268e-19,1.06695177733446e-18
5623413251.9037,2.08074800340087e-13,2.32579313848403e-13,5.03440217225119e-19,8.01954729745044e-19
5688529308.43862,1.72328284544385e-13,1.92096239791174e-13,3.91502107300089e-19,6.13812709582397e-19
5754399373.37178,1.44380685652835e-13,1.60519104806241e-13,3.08716307640358e-19,4.76982463412359e-19
5821032177.70893,1.22174011211836e-13,1.35485057327163e-13,2.46329170926947e-19,3.75443460649019e-19
5888436553.55611,1.04280168811904e-13,1.15357264425236e-13,1.98555785779552e-19,2.9879271869883e-19
5956621435.29032,8.96841602509108e-14,9.8974261195735e-14,1.61465210877928e-19,2.40073014093481e-19
6000000000,8.18386863079845e-14,9.01835700068045e-14,1.42308287159293e-19,2.10061574818524e-19
