Comment,Designator,Footprint,LCSC Part #,MPN
2.2 µF,C102,Capacitor_SMD:C_0805_2012Metric,C87994,Samsung CL21A225KAFNNNE
100 pF,"C103,C516,C624",Capacitor_SMD:C_0402_1005Metric,C1546,Samsung CL05C101JB5NNNC
100 nF,"C104,C203,C204,C205,C206,C207,C208,C209,C210,C212,C213,C214,C215,C218,C219,C222,C223,C224,C305,C306,C307,C308,C309,C409,C410,C411,C412,C423,C424,C425,C426,C505,C515,C612,C613,C614,C615,C618,C619,C622,C623,C626,C627,C628,C630,C635,C636,C637,C638",Capacitor_SMD:C_0402_1005Metric,C1525,Samsung CL05B104KO5NNNC
33 pF,"C201,C202,C421",Capacitor_SMD:C_0402_1005Metric,C1562,FH 0402CG330J500NT
2.2 µF,C211,Capacitor_SMD:C_0402_1005Metric,C12530,Samsung CL05A225MQ5NSNC
10 nF,"C217,C514,C620,C621",Capacitor_SMD:C_0402_1005Metric,C15195,Samsung CL05B103KB5NNNC
1 µF,"C220,C221,C311,C312,C501,C506,C508,C617",Capacitor_SMD:C_0603_1608Metric,C15849,Samsung CL10A105KB8NNNC
2.2 µF,"C301,C302,C303,C304,C310,C439,C440,C502,C601,C602,C603,C604",Capacitor_SMD:C_0603_1608Metric,C23630,Samsung CL10A225KO8NNNC
10 pF,"C401,C402,C403,C404,C405,C406,C407,C408",Capacitor_SMD:C_0603_1608Metric,C1634,Samsung CL10C100JB8NNNC
10 µF,"C413,C414,C415,C416,C507,C509,C510,C511,C512",Capacitor_SMD:C_0805_2012Metric,C15850,Samsung CL21A106KAYNNNE
820 pF,"C417,C418,C419,C420",Capacitor_SMD:C_0603_1608Metric,C2169093,KEMET C0603C821J5GACTU
1.8 nF,"C431,C432,C433,C434,C435,C436,C437,C438",Capacitor_SMD:C_0603_1608Metric,C97878,Murata GRM1885C1H182JA01D
220 µF,"C442,C443",JLC_Imported:CASE-D_7343,C8024,Kyocera AVX TAJD227K010RNJ
4.7 µF,"C608,C609,C610,C611,C616",Capacitor_SMD:C_0805_2012Metric,C1779,Samsung CL21A475KAQNNNE
82 pF,C625,Capacitor_SMD:C_0402_1005Metric,C45501,FH (Fenghua) 0402CG820J500NT
1 nF,C629,Capacitor_SMD:C_0402_1005Metric,C307441,Samsung CL05C102JB5NNNC
220 nF,"C631,C632,C633,C634",DAC_HPA:C631_ECHU1H224GX9_D4,,Panasonic ECH-U1H224GX9
"Nexperia BAT54,215","D104,D105",JLC_Imported:SOT-23_L2.9-W1.3-P1.90-LS2.4-BR,C85084,"Nexperia BAT54,215"
BAT54S,"D405,D406,D407,D408",JLC_Imported:SOT-23-3_L3.0-W1.7-P0.95-LS2.9-BR,C47546,"Nexperia BAT54S,215"
PMEG2010AEH,"D411,D412",JLC_Imported:SOD-123F_L2.8-W1.8-LS3.7-RD,C110921,"Nexperia PMEG2010AEH,115"
BAT54,"D413,D414",JLC_Imported:SOT-23_L2.9-W1.3-P1.90-LS2.4-BR,C85084,"Nexperia BAT54,215"
BAS70-04,"D609,D610",JLC_Imported:SOT-23-3_L2.9-W1.3-P1.90-LS2.4-BR,C389351,"Nexperia BAS70-04,215"
5 V,"D701,D702,D703,D704",JLC_Imported:SOD-523_L1.2-W0.8-LS1.6-BI,C41399463,GOODWORK LESD5D5.0CT1G
Green,D705,JLC_Imported:LED0805-R-RD,C2297,Hubei KENTO KT-0805G
Red,D706,JLC_Imported:LED-SMD_L1.6-W0.8-R-RD,C2286,Hubei KENTO KT-0603R
600 Ω @ 100 MHz,"FB202,FB301,FB302",Inductor_SMD:L_0603_1608Metric,C1002,Sunlord GZ1608D601TF
120 Ω @ 100 MHz,FB501,Inductor_SMD:L_0603_1608Metric,C14709,Murata BLM18PG121SN1D
GCT USB4105-GF-A,J101,DAC_HPA:J101_USB4105-GF-A_12lands_4stakes,C3020560,GCT USB4105-GF-A
HRO PJ-332A-6A,J702,JLC_Imported:AUDIO-SMD_PJ-332A-6A,C2848643,HRO PJ-332A-6A
AO3400A,"Q207,Q502,Q503,Q504,Q505,Q506,Q616,Q617,Q619,Q620,Q622",JLC_Imported:SOT-23-3_L2.9-W1.3-P1.90-LS2.4-BR,C20917,AOS AO3400A
MMBT3904,"Q507,Q612,Q614,Q623,Q624,Q625,Q626",JLC_Imported:SOT-23-3_L2.9-W1.3-P1.90-LS2.4-BR,C20526,JSCJ MMBT3904 (RANGE:100-300)
2N7002,"Q618,Q621",JLC_Imported:SOT-23-3_L2.9-W1.3-P1.90-LS2.4-BR,C8545,JSCJ 2N7002
5.1 kΩ,"R101,R102",Resistor_SMD:R_0402_1005Metric,C25905,UNI-ROYAL 0402WGF5101TCE
10 kΩ,"R103,R104,R201,R202,R207,R208,R212,R213,R216,R217,R218,R227,R231,R232,R234,R236,R238,R239,R305,R508,R522",Resistor_SMD:R_0402_1005Metric,C25744,UNI-ROYAL 0402WGF1002TCE
100 kΩ,"R105,R108,R235,R240,R303,R505,R511,R512,R513,R535,R537,R538,R646,R647,R648,R649,R650,R651,R652,R667,R669,R680,R687,R691,R693,R695,R696",Resistor_SMD:R_0402_1005Metric,C25741,UNI-ROYAL 0402WGF1003TCE
47 kΩ,"R106,R536",Resistor_SMD:R_0402_1005Metric,C25792,UNI-ROYAL 0402WGF4702TCE
0 Ω,"R107,R417,R418,R419,R420",Resistor_SMD:R_0402_1005Metric,C17168,UNI-ROYAL 0402WGF0000TCE
470 kΩ,"R109,R532,R688,R689",Resistor_SMD:R_0402_1005Metric,C25790,UNI-ROYAL 0402WGF4703TCE
33 Ω,"R203,R204,R205,R206,R210,R211,R215,R224,R225",Resistor_SMD:R_0402_1005Metric,C25105,UNI-ROYAL 0402WGF330JTCE
330 Ω,"R228,R229,R230,R242,R243,R244,R245,R246,R665",Resistor_SMD:R_0402_1005Metric,C25104,UNI-ROYAL 0402WGF3300TCE
4.7 kΩ,"R237,R643,R644",Resistor_SMD:R_0402_1005Metric,C25900,UNI-ROYAL 0402WGF4701TCE
2.2 Ω,"R301,R302",Resistor_SMD:R_0805_2012Metric,C17521,UNI-ROYAL 0805W8F220KT5E
1.30 kΩ,"R401,R403,R405,R407,R409,R411,R413,R415",Resistor_SMD:R_0603_1608Metric,C705738,YAGEO RT0603BRD071K3L
2.00 kΩ,"R402,R404,R406,R408,R410,R412,R414,R416",Resistor_SMD:R_0603_1608Metric,,Susumu RG1608N-202-W-T1
698 Ω,"R423,R424,R425,R426",Resistor_SMD:R_0603_1608Metric,C861525,YAGEO RT0603BRD07698RL
9.76 kΩ,R431,Resistor_SMD:R_0603_1608Metric,C861616,YAGEO RT0603BRD079K76L
10.0 kΩ,R432,Resistor_SMD:R_0603_1608Metric,C95204,YAGEO RT0603BRD0710KL
680 Ω,"R438,R439,R440,R441,R442,R443,R444,R445",Resistor_SMD:R_0603_1608Metric,C861519,YAGEO RT0603BRD07680RL
221 kΩ,R501,Resistor_SMD:R_0603_1608Metric,C705748,YAGEO RT0603BRD07221KL
100 kΩ,"R502,R504",Resistor_SMD:R_0603_1608Metric,C122538,YAGEO RT0603BRD07100KL
205 kΩ,R503,Resistor_SMD:R_0603_1608Metric,C861217,YAGEO RT0603BRD07205KL
3.74 kΩ,R510,Resistor_SMD:R_0603_1608Metric,C861382,YAGEO RT0603BRD073K74L
22 kΩ,"R526,R528",Resistor_SMD:R_0402_1005Metric,C25768,UNI-ROYAL 0402WGF2202TCE
10 Ω,"R527,R529",Resistor_SMD:R_0603_1608Metric,C22859,UNI-ROYAL 0603WAF100JT5E
4.7 Ω,R530,Resistor_SMD:R_0603_1608Metric,C23164,UNI-ROYAL 0603WAF470KT5E
15.0 kΩ,R533,Resistor_SMD:R_0603_1608Metric,C326733,YAGEO RT0603BRD0715KL
11.0 kΩ,R534,Resistor_SMD:R_0603_1608Metric,C728581,YAGEO RT0603BRD0711KL
115 kΩ,"R601,R602,R603,R604",Resistor_SMD:R_0402_1005Metric,C25747,UNI-ROYAL 0402WGF1153TCE
121 kΩ,R607,Resistor_SMD:R_0402_1005Metric,C852503,YAGEO RT0402BRD07121KL
115 kΩ,R608,Resistor_SMD:R_0402_1005Metric,C852488,YAGEO RT0402BRD07115KL
10.0 kΩ,"R609,R610,R657,R659,R670",Resistor_SMD:R_0402_1005Metric,C190095,YAGEO RT0402BRD0710KL
6.8 kΩ,"R624,R625,R626,R627,R658,R661",Resistor_SMD:R_0402_1005Metric,C33900832,YAGEO RP0402BRD076K8L (RT0402BRD076K8L alt.)
5.1 kΩ,"R628,R629,R630,R631,R639,R663",Resistor_SMD:R_0402_1005Metric,C852856,YAGEO RT0402BRD075K1L
16.9 kΩ,"R632,R633,R634,R635,R640",Resistor_SMD:R_0402_1005Metric,C852560,YAGEO RT0402BRD0716K9L
24.9 Ω,"R641,R642",Resistor_SMD:R_0402_1005Metric,C852667,YAGEO RT0402BRD0724R9L
1 kΩ,"R645,R692,R701",Resistor_SMD:R_0402_1005Metric,C11702,UNI-ROYAL 0402WGF1001TCE
100 kΩ,"R653,R654,R655,R656,R662,R673,R925",Resistor_SMD:R_0402_1005Metric,C852472,YAGEO RT0402BRD07100KL
330 kΩ,"R660,R690,R694,R916,R917,R918,R919",Resistor_SMD:R_0402_1005Metric,C25778,UNI-ROYAL 0402WGF3303TCE
1.00 MΩ,"R666,R668",Resistor_SMD:R_0402_1005Metric,C26083,UNI-ROYAL 0402WGF1004TCE
2.2 MΩ,R671,Resistor_SMD:R_0402_1005Metric,C54530777,SAE 1RC0402F2204
237 kΩ,R672,Resistor_SMD:R_0402_1005Metric,C852654,YAGEO RT0402BRD07237KL
2.2 kΩ,"R674,R702",Resistor_SMD:R_0402_1005Metric,C25879,UNI-ROYAL 0402WGF2201TCE
44.2 kΩ,"R675,R682",Resistor_SMD:R_0402_1005Metric,C705633,YAGEO RT0402BRD0744K2L
200 kΩ,"R676,R683",Resistor_SMD:R_0402_1005Metric,C728556,YAGEO RT0402BRD07200KL
300 kΩ,"R677,R684",Resistor_SMD:R_0603_1608Metric,C705762,YAGEO RT0603BRD07300KL
1.00 MΩ,"R678,R685,R901,R903,R905,R907,R909,R911,R913,R915",Resistor_SMD:R_0603_1608Metric,C326730,YAGEO RT0603BRD071ML
22 MΩ,"R679,R686",Resistor_SMD:R_0402_1005Metric,C407703,UNI-ROYAL 0402WGF2205TCE
4.7 MΩ,R681,Resistor_SMD:R_0402_1005Metric,C54530892,SAE 1RC0402F4704
487 kΩ,"R900,R902,R904,R906,R908,R910,R912,R914",Resistor_SMD:R_0603_1608Metric,C861426,YAGEO RT0603BRD07487KL
110 kΩ,"R920,R921,R922,R923",Resistor_SMD:R_0402_1005Metric,C705063,YAGEO RT0402BRD07110KL
69.8 kΩ,R924,Resistor_SMD:R_0402_1005Metric,C852893,YAGEO RT0402BRD0769K8L
ST USBLC6-2SC6,U101,JLC_Imported:SOT-23-6_L2.9-W1.6-P0.95-LS2.8-BL,C7519,ST USBLC6-2SC6
TI TPS25200DRVR,U102,DAC_HPA:WSON-6_L2.0-W2.0-P0.65-TL-EP_PAD,C128401,TI TPS25200DRVR
TI TPD2E2U06DRLR,U103,JLC_Imported:SOT-553-5_L1.6-W1.2-P0.50-LS1.6-TL-1,C1972959,TI TPD2E2U06DRLR
CH32V307RCT6,U201,JLC_Imported:LQFP-64_L10.0-W10.0-P0.50-LS12.0-BL,C2988083,WCH CH32V307RCT6
AGRV2KQ32,U202,DAC_HPA:QFN-32_L4.0-W4.0-P0.40-BL-EP2.7_EP,C18208899,AGM AGRV2KQ32
74LVC1G157,U205,JLC_Imported:SOT-363_L2.0-W1.3-P0.65-LS2.1-BR,C135822,"Nexperia 74LVC1G157GW,125"
74LVC1G11,U206,JLC_Imported:SC-88-6_L2.0-W1.3-P0.65-LS2.1-BL,C548242,Nexperia 74LVC1G11GW-Q100H
74LVC3G34,U208,JLC_Imported:VSSOP-8_L2.1-W2.4-P0.50-LS3.2-BR,C130024,TI SN74LVC3G34DCUR
ES9018K2M,U301,DAC_HPA:QFN-28_L5.0-W5.0-P0.50-BL-EP3.3_EP,C2688377,ESS ES9018K2M
"3.3 V, 250 mA",U302,JLC_Imported:SOT-23-5_L3.0-W1.7-P0.95-LS2.8-BR,C80670,TI LP5907MFX-3.3/NOPB
1.300 V (R533/R534),U303,JLC_Imported:SOT-23-5_L3.0-W1.7-P0.95-LS2.8-BR,C2877852,TI TLV75801PDBVR
OPA1622IDRCR,"U401,U402",DAC_HPA:VSON-10_L3.0-W3.0-P0.50-BL-EP1.65_PAD,C2876559,TI OPA1622IDRCR
OPA2210IDR,"U403,U404",JLC_Imported:SOIC-8_L4.9-W3.9-P1.27-LS6.0-BL-2,C1849415,TI OPA2210IDR
+3.85 / -3.72 V,U501,DAC_HPA:WSON-12_L3.0-W2.0-P0.50-BL-EP_PAD,C473398,TI LM27762DSSR
"3.3 V, 150 mA",U502,JLC_Imported:SOT-23-5_L3.0-W1.7-P0.95-LS2.8-BR,C89347,TI TPS70933DBVR
TI TPS259621DDAR,U503,DAC_HPA:ESOP-8_L4.9-W3.9-P1.27-LS6.0-BL-EP_PAD,C2155774,TI TPS259621DDAR
"3.3 V, 1 A",U504,DAC_HPA:WSON-6_L2.0-W2.0-P0.65-TL-EP_PAD,C2848334,TI TLV76733DRVR
TI TMUX1101DBVR,U505,JLC_Imported:SOT-23-5_L2.9-W1.6-P0.95-LS2.8-BR,C1852057,TI TMUX1101DBVR
TLV1704,"U601,U602,U603,U606,U609,U610",JLC_Imported:TSSOP-14_L5.0-W4.4-P0.65-LS6.4-BL,C181596,TI TLV1704AIPWR
OPA2333,U604,JLC_Imported:SOP-8_L4.9-W3.9-P1.27-LS6.0-BL,C38732,TI OPA2333AIDR
TLV3402,U605,JLC_Imported:SOIC-8_L4.9-W3.9-P1.27-LS6.0-BL,C91242,TI TLV3402IDR
74AUP1G17,U607,JLC_Imported:TSSOP-5_L2.1-W1.3-P0.65-LS2.2-BR,C545626,"Nexperia 74AUP1G17GW,125"
74LVC1G74,U608,JLC_Imported:VSSOP-8_L2.3-W2.0-P0.50-LS3.1-BR,C503431,"Nexperia 74LVC1G74DC,125"
80.000 MHz,X201,DAC_HPA:X201_KC2520K80_Kyocera,C1988889,Kyocera KC2520K80.0000C1GE00
49.152 MHz,X202,DAC_HPA:X202_X203_NDK_NZ2520SDA,,NDK NZ2520SDA-49.152MHZ-NSC5083D
45.1584 MHz,X203,DAC_HPA:X202_X203_NDK_NZ2520SDA,,NDK NZ2520SDA-45.1584MHZ-NSC5083D
8 MHz,Y201,JLC_Imported:CRYSTAL-SMD_L5.0-W3.2,C115962,YXC X50328MSB2GI
