scenario,probe,vs_J702_uohm_0p3,vs_J702_uohm_0p2,vs_J701_uohm_0p3,vs_J701_uohm_0p2
MCU+CPLD supply -> USB GND,R404.2,10.69,10.24,4.49,4.33
MCU+CPLD supply -> USB GND,R408.2,8.28,7.55,2.08,1.64
MCU+CPLD supply -> USB GND,R412.2,10.24,9.53,4.04,3.62
MCU+CPLD supply -> USB GND,R416.2,6.66,6.05,0.46,0.14
MCU+CPLD supply -> USB GND,R432.2,12.57,12.10,6.37,6.20
MCU+CPLD supply -> USB GND,U301.EP,17.51,17.15,11.31,11.25
DAC U301 supply -> USB GND,R404.2,21.39,20.79,18.70,18.16
DAC U301 supply -> USB GND,R408.2,16.91,17.04,14.22,14.41
DAC U301 supply -> USB GND,R412.2,10.75,10.59,8.06,7.96
DAC U301 supply -> USB GND,R416.2,8.17,7.93,5.48,5.30
DAC U301 supply -> USB GND,R432.2,31.92,30.86,29.23,28.23
DAC U301 supply -> USB GND,U301.EP,269.39,270.94,266.70,268.31
LM27762 input -> USB GND,R404.2,-24.77,-23.99,-10.45,-10.18
LM27762 input -> USB GND,R408.2,-20.30,-19.07,-5.97,-5.25
LM27762 input -> USB GND,R412.2,-23.56,-22.28,-9.24,-8.46
LM27762 input -> USB GND,R416.2,-16.17,-14.98,-1.84,-1.16
LM27762 input -> USB GND,R432.2,-28.12,-27.35,-13.80,-13.53
LM27762 input -> USB GND,U301.EP,-40.82,-40.21,-26.50,-26.39
SE load return J702 -> U501,R404.2,-262.97,-257.17,-87.01,-86.16
SE load return J702 -> U501,R408.2,-251.19,-247.02,-75.23,-76.01
SE load return J702 -> U501,R412.2,-239.66,-233.58,-63.70,-62.57
SE load return J702 -> U501,R416.2,-219.32,-214.04,-43.36,-43.03
SE load return J702 -> U501,R432.2,-276.82,-270.75,-100.86,-99.74
SE load return J702 -> U501,U301.EP,-329.55,-323.29,-153.59,-152.28
Ground loop J101 -> J702,R404.2,287.74,281.17,97.46,96.34
Ground loop J101 -> J702,R408.2,271.48,266.10,81.20,81.27
Ground loop J101 -> J702,R412.2,263.21,255.86,72.93,71.03
Ground loop J101 -> J702,R416.2,235.49,229.02,45.20,44.19
Ground loop J101 -> J702,R432.2,304.94,298.10,114.65,113.27
Ground loop J101 -> J702,U301.EP,370.37,363.50,180.09,178.67
