net,layer,length_mm,C_pF,L_nH,Z0_ohm,td_ps
MCLK,F.Cu,7.14,0.733,2.477,58.1,42.6
MCLK,ALL,7.14,0.733,2.477,,
N2_X201_OUT,F.Cu,3.34,0.343,1.159,58.1,19.9
N2_X201_OUT,ALL,3.34,0.343,1.159,,
N6_MCK_IN,F.Cu,2.16,0.221,0.748,58.1,12.9
N6_MCK_IN,ALL,2.16,0.221,0.748,,
BCLK,F.Cu,16.64,1.708,5.774,58.1,99.3
BCLK,ALL,16.64,1.708,5.774,,
N2_BCLK_SRC,F.Cu,4.55,0.467,1.580,58.1,27.2
N2_BCLK_SRC,ALL,4.55,0.467,1.580,,
LRCLK,F.Cu,15.90,1.633,5.518,58.1,94.9
LRCLK,ALL,15.90,1.633,5.518,,
SDATA,F.Cu,15.20,1.560,5.273,58.1,90.7
SDATA,ALL,15.20,1.560,5.273,,
DACL,F.Cu,11.53,1.415,3.427,49.2,69.6
DACL,ALL,11.53,1.415,3.427,,
DACLB,F.Cu,9.71,1.191,2.886,49.2,58.6
DACLB,ALL,9.71,1.191,2.886,,
N4_IVL_P,F.Cu,21.18,2.598,6.294,49.2,127.9
N4_IVL_P,PWR,13.03,1.508,8.069,73.2,110.3
N4_IVL_P,B.Cu,13.25,1.625,3.937,49.2,80.0
N4_IVL_P,ALL,47.46,5.731,18.301,,
N4_LP_INN,F.Cu,9.99,1.225,2.967,49.2,60.3
N4_LP_INN,ALL,9.99,1.225,2.967,,
N4_LP_OUT,F.Cu,6.16,0.952,1.585,40.8,38.8
N4_LP_OUT,B.Cu,28.63,18.045,1.961,10.4,188.1
N4_LP_OUT,ALL,34.79,18.997,3.546,,
LEG_LP,F.Cu,56.62,9.384,14.015,38.6,362.7
LEG_LP,PWR,187.58,25.122,107.908,65.5,1646.5
LEG_LP,SIG,20.60,2.759,11.853,65.5,180.9
LEG_LP,ALL,264.80,37.266,133.776,,
JACK_LP,F.Cu,73.51,24.548,9.630,19.8,486.2
JACK_LP,ALL,73.51,24.548,9.630,,
N4_RN_OUT,F.Cu,11.47,2.188,2.489,33.7,73.8
N4_RN_OUT,B.Cu,19.54,11.848,1.406,10.9,129.1
N4_RN_OUT,ALL,31.01,14.036,3.895,,
LEG_RN,F.Cu,71.70,12.066,17.647,38.2,461.4
LEG_RN,PWR,35.60,4.769,20.482,65.5,312.5
LEG_RN,B.Cu,66.05,9.410,17.210,42.8,402.4
LEG_RN,ALL,173.35,26.245,55.339,,
JACK_RN,F.Cu,15.71,3.782,2.577,26.1,98.7
JACK_RN,ALL,15.71,3.782,2.577,,
LEG_LN,F.Cu,38.06,6.739,9.178,36.9,248.7
LEG_LN,PWR,51.60,6.911,29.683,65.5,452.9
LEG_LN,SIG,26.37,3.531,15.168,65.5,231.4
LEG_LN,B.Cu,74.84,10.663,19.501,42.8,456.0
LEG_LN,ALL,190.86,27.844,73.530,,
JACK_LN,F.Cu,59.04,22.905,6.619,17.0,389.4
JACK_LN,ALL,59.04,22.905,6.619,,
LEG_RP,F.Cu,30.87,5.887,7.210,35.0,206.0
LEG_RP,PWR,66.32,8.882,38.150,65.5,582.1
LEG_RP,B.Cu,97.49,13.891,25.404,42.8,594.0
LEG_RP,ALL,194.68,28.659,70.764,,
JACK_RP,F.Cu,57.97,20.629,7.182,18.7,384.9
JACK_RP,ALL,57.97,20.629,7.182,,
3V3D,F.Cu,81.25,14.115,18.013,35.7,504.2
3V3D,PWR,19.03,3.576,9.193,50.7,181.3
3V3D,B.Cu,235.05,63.808,37.042,24.1,1537.4
3V3D,ALL,335.33,81.499,64.248,,
5V_SYS,F.Cu,21.84,8.876,2.420,16.5,146.6
5V_SYS,PWR,70.29,28.263,22.100,28.0,790.3
5V_SYS,B.Cu,116.94,50.957,11.241,14.9,756.8
5V_SYS,ALL,209.08,88.095,35.760,,
VPOS,F.Cu,105.22,16.247,26.112,40.1,651.3
VPOS,PWR,422.38,132.036,161.767,35.0,4621.6
VPOS,B.Cu,61.27,13.960,10.670,27.6,386.0
VPOS,ALL,588.87,162.243,198.549,,
VNEG,F.Cu,62.00,10.393,14.420,37.2,387.1
VNEG,PWR,200.90,70.925,72.215,31.9,2263.1
VNEG,B.Cu,165.29,42.102,26.565,25.1,1057.6
VNEG,ALL,428.19,123.419,113.200,,
